n,isbn,isbn13
27371034,B00ULDNQMK,
40121205,B07D25X94W,
43700638,B07N33PP4M,
44575575,B07PM8Z18S,
27774758,,
34511,,
9009637,B003XKNWCM,
15796700,,
4659,,
13453029,,
20801439,B00H6LS59E,
19549841,,
12983100,,
28009303,B0187OW2OM,
1499952,,
16429619,,
15055,,
4395,,
30008702,,
46601,,
618177,,
7913305,,
364826,,
11733930,,
37586,,
253058,,
43251704,,
88389,,
17673620,,
9804,,
7704143,,
17455585,,
14061955,,
45999008,,
18930938,B00FPR99QE,
17231,,
31408159,B01J67SEK0,
18754855,B00GFC8BPI,
18136407,,
46760314,B07TV94SKZ,
6567284,,
19161852,,
19183499,,
17798287,,
15768191,0062265946,9780062265944)
11987,,
16134551,,
18710853,B00G2JM0D8,
14383,,
17383481,B00CJHO7D8,
17936909,B00CVB4RD2,
35508805,B0735GD1L3,
13402447,,
18500665,,
18404957,0988936445,9780988936447)
26119570,,
9305362,,
17158513,,
46360566,B07T792VT1,
14061957,,
1772910,,
10016013,,
7170627,,
23769683,,
8434205,B0038BQIE0,
2179276,,
13519397,,
16109563,,
41128585,,
24856817,,
30165203,,
6387565,,
20567969,B00JN3ATHY,
35817844,B07466DS5H,
16031258,B008U4QGXS,
18498558,,
20903135,1493691082,9781493691081)
15158,,
55428,,
17377032,,
31215933,,
31921231,1625264135,9781625264138)
18720887,B00G3J1XGC,
17387313,1907205381,9781907205385)
7592279,1741664489,9781741664485)
385228,,
5295735,,
24283871,,
21222015,B00B0IGGEA,
92057,,
920607,,
13183957,,
9533378,0345522478,9780345522474)
6600807,1595142908,9781595142900)
25051,0064401480,9780064401487)
7821447,0061992704,9780061992704)
10860399,098315726X,9780983157267)
535441,1400049628,9781400049622)
18624197,1940748003,9781940748009)
7973,0345482409,9780345482402)
263050,0330488902,9780330488907)
34529,055215315X,9780552153157)
6547188,0061138037,9780061138034)
16117506,1476731535,9781476731537)
1301625,,
3066,0374529388,9780374529383)
18874565,B00GS2W6T2,
47916,0765342677,9780765342676)
78427,0785289089,9780785289081)
40219600,B07D6WPKH6,
25689074,1250091845,9781250091840)
125956,1595540210,9781595540218)
47370723,B07RBY9422,
71252,1563892049,9781563892042)
1584974,0843959770,9780843959772)
14567915,1616086734,9781616086732)
220968,0440241022,9780440241027)
111021,006074457X,9780060744571)
16070143,0375990690,9780375990694)
13125234,0062076108,9780062076106)
2334751,0718149122,9780718149123)
9637479,0425241505,9780425241509)
712731,1400310113,9781400310111)
57460,1582431604,9781582431604)
22842297,,
6660747,0446556823,9780446556828)
4583888,0778326497,9780778326496)
830616,015603008X,9780156030083)
69499,0060766735,9780060766733)
22031070,,
13419125,B00E67DT7O,
1500209,B01M183ZXN,
72223,0618773479,9780618773473)
263985,0307275213,9780307275219)
42591805,154625952X,9781546259527)
13495947,1470088223,9781470088224)
17608096,0983002282,9780983002284)
7557548,0552144320,9780552144322)
673657,0345352661,9780345352668)
23279048,,
6424,0312980140,9780312980146)
28815,006124189X,9780061241895)
127584,,
1546936,9754704724,9789754704723)
10872085,031253955X,9780312539559)
85867,0375706682,9780375706684)
10662420,1442440783,9781442440784)
298230,0140432108,9780140432107)
6433752,0060852577,9780060852573)
797165,0192801511,9780192801517)
595375,0374404143,9780374404147)
23223,0330418882,9780330418881)
8957,,
19486,3425040847,9783425040844)
650775,1853268399,9781853268397)
5946,0679772669,9780679772668)
5289,0007144350,9780007144358)
511614,0760704066,9780760704066)
10915,0743418719,9780743418713)
6702002,0981279007,9780981279008)
425029,0446350982,9780446350983)
9517,0375714669,9780375714665)
6224935,052595127X,9780525951278)
779509,0268015384,9780268015381)
14655460,193745424X,9781937454241)
17567854,B00BPJ3Q4W,
17825487,,
18343754,0804844399,9780804844390)
26177993,B014I5BJ4I,
46038037,1791384684,9781791384685)
17455815,B00IPDVGKW,
9368401,1434764311,9781434764317)
37426,0312315732,9780312315733)
2021816,142151883X,9781421518831)
113091,0375701230,9780375701238)
10079321,043402080X,9780434020805)
2312458,,
23848145,1408858614,9781408858615)
80834,1897299214,9781897299210)
173233,0765316234,9780765316233)
25489134,1101885939,9781101885932)
299215,0226320618,9780226320618)
121732,0006280838,9780006280835)
26435,0006280935,9780006280934)
3798703,0375851798,9780375851797)
286957,1558611584,9781558611580)
33124137,,
11592779,1615077588,9781615077588)
7147831,,
11756117,0764207814,9780764207815)
33144,0316182745,9780316182744)
8087,0441012396,9780441012398)
9461872,0385521227,9780385521222)
3047849,0061566128,9780061566127)
596258,0743238303,9780743238304)
3980,0744583276,9780744583274)
25642968,0993286305,9780993286308)
227350,1897299168,9781897299166)
25763894,1101874252,9781101874257)
206223,0375700021,9780375700026)
27854760,1943549435,9781943549436)
43015,0374105235,9780374105235)
39290286,,
126151,0684848287,9780684848280)
402169,1842120514,9781842120514)
52872,0802170374,9780802170378)
106540,0060928360,9780060928360)
253191,0060538058,9780060538057)
71811,0441013813,9780441013814)
165446,0345325222,9780345325228)
48082,006056346X,9780060563462)
13604070,,
285205,0441014739,9780441014736)
94329,0767903595,9780767903592)
17305079,190879559X,9781908795595)
310826,0743246136,9780743246132)
18710121,1492259683,9781492259688)
32454521,0975597655,9780975597651)
32784266,B01M3PL6SC,
21619,0380708035,9780380708031)
2362997,1425131778,9781425131777)
33992,0393326713,9780393326710)
232631,0842374183,9780842374187)
16704501,1908885114,9781908885111)
284335,0452287405,9780452287402)
44415967,B0001A0X0Q,
40642001,,
13279833,0857520989,9780857520982)
10644930,1451627289,9781451627282)
10987,0385335997,9780385335997)
10988,0385335989,9780385335980)
10967,0440221668,9780440221661)
21608,0441014992,9780441014996)
2344214,0425221377,9780425221372)
18853210,1595548084,9781595548085)
881902,0140437363,9780140437362)
242669,1558219730,9781558219731)
22263770,0989125335,9780989125338)
26088499,0985267135,9780985267131)
36668528,B077PWFT3K,
101299,0375408266,9780375408267)
3805,1841156736,9781841156736)
5179,0671774670,9780671774677)
1182531,0007193149,9780007193141)
6385665,1475110863,9781475110869)
36447589,B077PVVY39,
3867,0393328627,9780393328622)
116325,1570614350,9781570614354)
14596332,1618621637,9781618621634)
30659258,,
20576,0812969650,9780812969658)
16449,0345468368,9780345468369)
33536765,1520180357,9781520180359)
18423,,
17214,0441783589,9780441783588)
218427,0345475836,9780345475831)
3,0439554934,9780439554930)
890,0142000671,9780142000670)
33,,
41865,0316015849,9780316015844)
17150,1583485090,9781583485095)
6327989,1416961445,9781416961444)
108809,0884119742,9780884119746)
12875038,B005V334M2,
17384517,0764210483,9780764210488)
20642947,B008BVLRHK,
1114559,0060692820,9780060692827)
7974220,0547394586,9780547394589)
112146,0875964575,9780875964577)
99561,0142402516,9780142402511)
7445,074324754X,9780743247542)
1885,,
2156,0192802631,9780192802637)
353937,,
107781,0671702505,9780671702502)
301821,0380899825,9780380899821)
251966,0671739743,9780671739744)
30183,0312360266,9780312360269)
38619,0441014895,9780441014897)
8709527,1595143173,9781595143174)
3099787,1416974504,9781416974505)
285212,0425216594,9780425216590)
188572,0553328255,9780553328257)
4645,0684862212,9780684862217)
27999,0684852225,9780684852225)
14295,0747553866,9780747553861)
14469,1593080425,9781593080426)
133394,0140184937,9780140184938)
2495094,141656103X,9781416561033)
34374628,0399586687,9780399586682)
26020195,B00ZSDQLU2,
77091,0345406516,9780345406514)
17742344,1936328143,9781936328147)
22470381,B00ID8G848,
29566747,B01CXI42E6,
29957187,B01EILKF3S,
36561038,,
13499775,9052266166,9789052266169)
553133,8420482714,9788420482712)
170226,0553574558,9780553574555)
36553261,,
26002106,B00YC8989A,
9161907,,
33548396,1784742066,9781784742065)
24044141,1101874147,9781101874141)
31177466,,
411858,,
110076,0060733977,9780060733971)
13079,0446615129,9780446615129)
51210,0141182563,9780141182568)
12466944,0007445709,9780007445707)
22237407,,
171008,0060565071,9780060565077)
22381203,B00KH0819K,
11099729,034551128X,9780345511287)
12588605,9685146047,9789685146043)
14999720,1442421711,9781442421714)
1045984,8571648972,9788571648975)
12926807,1595145192,9781595145192)
121822,1577344871,9781577344872)
25900032,1447255909,9781447255901)
280865,1579125786,9781579125783)
34450903,,
21965667,143514810X,9781435148109)
41453556,B07FXN4K14,
131181,0140083170,9780140083170)
6671690,,
152643,0142403105,9780142403105)
9685716,1429942142,9781429942140)
8542611,1402249578,9781402249570)
10106,0345407865,9780345407863)
4682558,1594488576,9781594488573)
64865,0312939000,9780312939007)
64397,0553279424,9780553279429)
3830,1400096472,9781400096473)
116490,0771098820,9780771098826)
278978,0813512581,9780813512587)
162612,0704370859,9780704370852)
109339,0375727698,9780375727696)
17906284,,
49488,034911420X,9780349114200)
234559,034542316X,9780345423160)
7870272,0778328201,9780778328209)
7144,0143058142,9780143058144)
15823480,,
17125,0374529523,9780374529529)
87346,0413774031,9780413774033)
5697,140003292X,9781400032921)
50269,0140444688,9780140444681)
6871935,1401923054,9781401923051)
30453,0684841347,9780684841342)
13073792,1442125276,9781442125278)
11373730,1934812439,9781934812433)
21916488,1497550394,9781497550391)
64222,0060502932,9780060502935)
34494,0060012382,9780060012380)
64224,0552143243,9780552143240)
34505,0552146080,9780552146081)
16299,0312330871,9780312330873)
8999987,1429986646,9781429986649)
25669,0385418493,9780385418492)
969346,0804113645,9780804113649)
10611,0751504572,9780751504576)
54814,0684857502,9780684857503)
133497,0152050167,9780152050160)
25106,1563891069,9781563891069)
51740,0060094893,9780060094898)
247373,0553293176,9780553293173)
243298,0345388666,9780345388667)
25419,0679756760,9780679756767)
34897,0765305119,9780765305114)
368038,055328990X,9780553289909)
248322,0099457059,9780099457053)
38379,1932234411,9781932234411)
868763,0140144358,9780140144352)
875109,0425166139,9780425166130)
9546941,0557285062,9780557285068)
3761,0142003271,9780142003275)
15873220,1449737927,9781449737924)
3870674,8838487030,9788838487033)
15101,0380815923,9780380815920)
3261447,0143114581,9780143114581)
22504703,0803740808,9780803740808)
3023477,0140047573,9780140047578)
31463,0141439653,9780141439655)
33507,076072850X,9780760728505)
176261,0345361326,9780345361325)
6662410,0399156356,9780399156359)
9969571,030788743X,9780307887436)
34234639,1535020709,9781535020701)
5061675,B000FBFMMU,
14497,0060557818,9780060557812)
18045891,,
127455,0553804677,9780553804676)
24628887,B00MG4N5SW,
32109569,B01LWAESYQ,
34778,0394498216,9780394498218)
85990,1599900734,9781599900735)
40961608,B004H1UOSG,
11553,0671743058,9780671743055)
12595,0151247749,9780151247745)
30072,1400095956,9781400095957)
8525590,1442409053,9781442409057)
1573342,1581349203,9781581349207)
28685163,1944781412,9781944781415)
16207047,1489572767,9781489572769)
38980,0613371658,9780613371650)
54218,0393314251,9780393314250)
3130352,,
497567,0805006796,9780805006797)
69884,0810112086,9780810112087)
185911,0345466608,9780345466600)
70539,0345413970,9780345413970)
402074,0670479586,9780670479580)
1227725,067145806X,9780671458065)
77349,0671456105,9780671456108)
85373,1590170288,9781590170281)
378440,159017027X,9781590170274)
77358,0425084574,9780425084571)
76229,0312944012,9780312944018)
106484,0679743464,9780679743460)
1219954,0060594772,9780060594770)
201440,0380750864,9780380750863)
33790205,,
36277432,B075M7S8G4,
93273,0140366709,9780140366709)
25986827,144947425X,9781449474256)
34381668,,
10287872,9754343004,9789754343007)
27908353,1519267274,9781519267276)
1269960,,
22817331,0553522353,9780553522358)
6668056,B000QBYEYQ,
20758104,0763676187,9780763676186)
8498964,9754941882,9789754941883)
29010395,1524700487,9781524700485)
28014255,1405276185,9781405276184)
25837084,B00YBA7PGW,
43808771,,
17835351,B00CATSONE,
45160773,0990373266,9780990373261)
29893495,,
9099787,,
23258935,1626393605,9781626393608)
29808780,B01CNLOZ3G,
13011252,9780983911,9780983911
39784571,B07C1HXD4Z,
13600024,,
19322250,0385352859,9780385352857)
35425827,1250311446,9781250311443)
15727957,8525406716,9788525406712)
39462487,3442373956,9783442373956)
618221,0552134635,9780552134637)
42983724,0525541330,9780525541332)
1458813,1571312765,9781571312761)
2373424,,
32326398,0008225354,9780008225353)
40407141,B07DHMNY7H,
43924017,1474967418,9781474967419)
24233708,B0796DR2XV,
40884817,B0048EKF3Q,
95531,1400051754,9781400051755)
6981,0061144894,9780061144899)
68336,0752859234,9780752859231)
50615,0143112228,9780143112228)
42144,0385473516,9780385473514)
359759,0849944317,9780849944314)
2207115,1416562699,9781416562696)
1106766,1590383222,9781590383223)
8464587,0986622001,9780986622007)
150549,0140185895,9780140185898)
10532477,1401324436,9781401324438)
9647896,9681210050,9789681210052)
1462020,0316067695,9780316067690)
13540524,1475198183,9781475198188)
10262157,1609284968,9781609284961)
2917083,2764404255,9782764404256)
657163,2081643464,9782081643468)
248882,1593073305,9781593073305)
1237015,3453520092,9783453520097)
14129280,8587781316,9788587781314)
621184,0060751029,9780060751029)
8427566,0385531842,9780385531849)
588508,0394716728,9780394716725)
16082287,B009W9QTVY,
3089202,9791397260,9791397260
476103,006073664X,9780060736644)
9264113,0763639834,9780763639839)
660619,0226450554,9780226450551)
1440362,0425169340,9780425169346)
15743017,,
13572813,0385341407,9780385341400)
252471,0887065538,9780887065538)
6325305,9600514747,9789600514742)
2356574,1416583785,9781416583783)
18342940,B00EMMD36U,
16052597,B00BER9W20,
17436867,0738727032,9780738727035)
17342184,1482552981,9781482552980)
19794,0374146357,9780374146351)
16193495,B00AFOIYGI,
15793052,0312595506,9780312595500)
19398743,8481303283,9788481303285)
18337069,1492186775,9781492186779)
17017077,1442445904,9781442445901)
13581794,1601830130,9781601830135)
179436,0883962497,9780883962497)
23259483,B00NOM4IKY,
12058835,B005COK5ZE,
12522,0872863808,9780872863804)
8293872,9069694441,9789069694443)
17410531,8565859045,9788565859042)
20454635,145550212X,9781455502127)
25786336,8490625069,9788490625064)
3479967,0670020575,9780670020577)
25664525,1633752259,9781633752252)
32596757,0141356111,9780141356112)
36544372,1473558972,9781473558977)
17659691,1615991832,9781615991839)
28110156,3764531525,9783764531522)
33387728,,
147476,0140126716,9780140126716)
25044288,B00L0OOW9U,
22616727,B00L8DQOKI,
13447613,886380284X,9788863802849)
2808945,0061649694,9780061649691)
202681,0802079121,9780802079121)
160943,0786807148,9780786807147)
120218,0060562374,9780060562373)
95619,0842365834,9780842365833)
793297,0345357620,9780345357625)
1533440,9793600306,9793600306
70509,0812971671,9780812971675)
42166,0553140191,9780553140194)
7640126,0345519191,9780345519191)
8079815,1741759978,9781741759976)
6335685,0764203916,9780764203916)
64492,0804813795,9780804813792)
9491739,144241345X,9781442413450)
107790,0345486447,9780345486448)
61536,0618485392,9780618485390)
71997,0307339459,9780307339454)
6885954,1448681251,9781448681259)
2490879,0375845704,9780375845703)
256314,1401303358,9781401303358)
12558686,0983755205,9780983755203)
237114,0743484304,9780743484305)
13060608,0373210531,9780373210534)
6060069,1865085588,9781865085586)
13434077,B006ZTBJDM,
13017337,8178240211,9788178240213)
2602455,1843546566,9781843546566)
125651,0439724031,9780439724036)
9723976,1595144307,9781595144300)
20733637,851119021X,9788511190212)
13498508,9841801701,9841801701
130312,0809000326,9780809000326)
17703283,,
17979909,B00D02YHJ0,
5853401,,
12840,0671732471,9780671732479)
327,0805073698,9780805073690)
20033413,,
366914,034012864X,9780340128640)
1966358,1844281124,9781844281121)
15704285,,
13455726,161372425X,9781613724255)
1071760,0385729537,9780385729536)
16131067,0316209961,9780316209960)
5088467,045146284X,9780451462848)
13547111,1451676689,9781451676686)
6790148,0340977450,9780340977453)
17465385,1849736022,9781849736022)
861058,0751506516,9780751506518)
6744417,1847384986,9781847384980)
17909622,B00ED7LR4E,
23109855,2714457533,9782714457530)
24958049,B00TPUF9LG,
22669219,,
15714677,0385740808,9780385740807)
8578533,1615815511,9781615815517)
44766,0440224047,9780440224044)
17124495,1480267015,9781480267015)
7187899,,
23538214,B00P8571NG,
17670636,B00BXXTM9S,
18110734,1489569960,9781489569967)
12011902,1250002699,9781250002693)
15754100,,
24883337,,
17333781,0316235482,9780316235488)
8665113,0765324962,9780765324962)
8472655,0375425314,9780375425318)
17201349,9022531589,9789022531587)
13360782,3352008280,9783352008283)
28501233,1511796855,9781511796859)
284235,1405832789,9781405832786)
625135,0140292594,9780140292596)
10396307,3827054222,9783827054227)
46460,0743431677,9780743431675)
13541657,,
23172342,8811682606,9788811682608)
13571741,2221116801,9782221116807)
33628192,1539961591,9781539961598)
5701537,0786018399,9780786018390)
35368,0553581856,9780553581850)
13542560,045146480X,9780451464804)
173502,0062517767,9780062517760)
27827203,0316273252,9780316273251)
31685676,,
3109941,000728702X,9780007287024)
15818029,0060780649,9780060780647)
13480960,,
646402,0152049274,9780152049270)
36264568,9897730818,9789897730818)
28390369,0241144159,9780241144152)
34330645,B01N1UN91W,
19087989,B00CCOO6RK,
271457,0393321681,9780393321685)
3004101,1741661307,9781741661309)
2287812,2742709924,9782742709922)
217627,074344373X,9780743443739)
759511,1551663074,9781551663074)
6006391,0861883519,9780861883516)
7094635,1841498599,9781841498591)
2516031,2290307122,9782290307120)
2581350,1599902036,9781599902036)
10271616,0763652601,9780763652609)
116223,0867196025,9780867196023)
257498,0142000256,9780142000250)
5326007,9060699556,9789060699553)
778255,0720646502,9780720646504)
8918253,0399255052,9780399255052)
882577,0426203852,9780426203858)
8528702,0982903316,9780982903315)
8738884,B003LSTJVO,
9409250,1433669730,9781433669736)
2092284,0141035358,9780141035352)
12517672,9710090747,9789710090747)
3170803,1842329421,9781842329429)
3637735,034525712X,9780345257123)
468070,1401322433,9781401322434)
6754732,,
471083,0575074493,9780575074491)
13556964,1939481058,9781939481054)
12349999,,
712725,1582349029,9781582349022)
13445387,B0066YFB0S,
2257949,0060871229,9780060871222)
414056,1401301541,9781401301545)
1462255,0553482122,9780553482126)
18044954,,
140475,0060919647,9780060919641)
90988,0330484826,9780330484824)
13601550,B007SRWAEW,
13530224,1477408398,9781477408391)
13446443,B0073998MC,
70832,067173251X,9780671732516)
507590,019510109X,9780195101096)
6084471,,
14800331,1599909758,9781599909752)
19185094,B007Z4D9MA,
9798310,1451617364,9781451617368)
22455886,,
8483904,1556529619,9781556529610)
18126903,1401688292,9781401688295)
15312202,8806149407,9788806149406)
8608089,0224091085,9780224091084)
13526214,0785155546,9780785155546)
16029501,8074471632,9788074471636)
3758907,9773512037,9773512037
25884,0752848372,9780752848372)
13085313,0547315848,9780547315843)
22094238,,
111563,0802808689,9780802808684)
29738,0679752935,9780679752936)
25858060,B00YNJUO64,
7048,1595820639,9781595820631)
18335700,000752322X,9780007523221)
3401070,,
2979443,0099512246,9780099512240)
16110412,0764210955,9780764210952)
23454468,0758294417,9780758294418)
10717333,006209436X,9780062094360)
18048888,1442497920,9781442497924)
15766187,1438283911,9781438283913)
8497246,3827053714,9783827053718)
2227087,0143113135,9780143113133)
17374485,3442478421,9783442478422)
1875585,8374951702,9788374951708)
28250556,0141349964,9780141349961)
25841285,B00V4TZPPG,
13558344,0571243908,9780571243907)
141757,0375815155,9780375815157)
17616535,1742612822,9781742612829)
23253275,,
23203252,0553535919,9780553535914)
21568931,0156628635,9780156628631)
27844299,B0182T9IBW,
141473,1400034345,9781400034345)
1827646,9707310960,9789707310964)
5888849,9512344629,9512344629
1326782,0898041465,9780898041460)
593045,0310251060,9780310251064)
8887365,0385737459,9780385737456)
10860071,1780481705,9781780481708)
217625,0385729251,9780385729253)
11563858,B0054LY182,
399896,0380805707,9780380805709)
1160588,0802138071,9780802138071)
63477,0872863034,9780872863033)
7901368,1564785548,9781564785541)
103386,0689040342,9780689040344)
1561175,1419956507,9781419956508)
1255833,1587830345,9781587830341)
47561,0151007152,9780151007158)
3380429,9726653134,9789726653134)
915936,0763634646,9780763634643)
891586,0671654101,9780671654108)
185910,0345460685,9780345460684)
359808,0439139376,9780439139373)
7983832,0385339542,9780385339544)
6531968,0312945744,9780312945749)
9488341,0718155815,9780718155810)
15780423,,
8576171,0061852716,9780061852718)
16161331,,
15018642,1455505269,9781455505265)
967511,0140344454,9780140344455)
18177004,B00DUFRCQC,
16152129,B00A3TCOXY,
12837183,1442452358,9781442452350)
17835709,B00DOHYSFE,
15789361,0316182710,9780316182713)
20646451,B00I36DWXU,
19319902,B00DI7HL6S,
16291969,161168255X,9781611682557)
13633444,,
20710353,,
12758240,B005LUW6Y2,
16172191,,
23269394,B00NODENKI,
981693,0415968216,9780415968218)
25006067,B00TXWJUDO,
3347854,,
176378,0156030322,9780156030328)
18554574,0803739184,9780803739185)
24177271,B00I9EYJ5G,
25119892,B00UBC35H2,
10810798,9797804879,9789797804879)
11233988,0763655988,9780763655983)
20861038,1478730226,9781478730224)
9475392,1439192316,9781439192313)
6098439,0199536511,9780199536511)
16068457,,
43598837,,
738175,1565042611,9781565042612)
27474810,1619359723,9781619359727)
12555217,1401686591,9781401686598)
7830166,8420472328,9788420472324)
27662345,151142642X,9781511426428)
957186,140216002X,9781402160028)
13634032,B007HBY132,
6378806,,
2251629,0867196793,9780867196795)
355909,8807812576,9788807812576)
33139765,,
31927042,1338030116,9781338030112)
23155346,,
6540523,,
30525736,0751558842,9780751558845)
34553893,6073152469,9786073152464)
32592597,163236445X,9781632364456)
448696,1416935193,9781416935193)
13136,0446696633,9780446696630)
59250,0786818786,9780786818785)
52386,0684827077,9780684827070)
161121,0679752927,9780679752929)
1017309,1416523537,9781416523536)
1421978,0451461967,9780451461964)
1041104,1434400247,9781434400246)
7722277,1402237308,9781402237300)
2124649,1894463110,9781894463119)
297480,042519874X,9780425198742)
13057797,2845923295,9782845923294)
10331318,,
11238,0140066950,9780140066951)
9369717,0385740557,9780385740555)
3695377,141659910X,9781416599104)
11653081,,
259587,1595329609,9781595329608)
129650,0375413405,9780375413407)
92084,0425205509,9780425205501)
15783130,B0085CYAD8,
7624095,0385739400,9780385739405)
410769,080329820X,9780803298200)
21819191,B00JAGN4JO,
33220052,,
3569562,8804529121,9788804529125)
2457010,3407780303,9783407780300)
1931838,1405076747,9781405076746)
27261377,,
1059870,140190467X,9781401904678)
39778436,B07BRHLQS3,
22396591,1780622341,9781780622347)
10222981,2070421430,9782070421435)
34082131,1631490338,9781631490330)
797189,0552145424,9780552145428)
65645,0064471047,9780064471046)
930583,0440866626,9780440866626)
51848,0142002925,9780142002926)
4984,0099282968,9780099282969)
325416,0060776005,9780060776008)
1020302,0671685112,9780671685119)
102266,1565048946,9781565048942)
3294483,0778324982,9780778324980)
65471,0764228544,9780764228544)
893731,0425178102,9780425178102)
7337,0345345061,9780345345066)
389706,0736913246,9780736913249)
667618,0307238016,9780307238016)
7802813,1593156219,9781593156213)
1964409,1599792583,9781599792583)
759450,2290032964,9782290032961)
194462,1403912726,9781403912725)
194687,0740750003,9780740750007)
4457755,1599988844,9781599988849)
1349495,0425193918,9780425193914)
15817031,1926973623,9781926973623)
17372853,,
370897,0345419715,9780345419712)
12266595,0385534671,9780385534673)
13183318,1608862518,9781608862511)
352807,0486238083,9780486238081)
15867,1569755833,9781569755839)
17130549,0691156492,9780691156491)
115608,0765314401,9780765314406)
13540881,B008LQ26N4,
204,0751506435,9780751506433)
276384,0679765611,9780679765615)
22760746,B00M029T4O,
21532236,1616554894,9781616554897)
11834349,0857682822,9780857682826)
25865189,B010E6Y65E,
92965,1933382724,9781933382722)
10087900,1450743706,9781450743709)
22014031,,
6006413,1439571384,9781439571385)
25878123,1507622643,9781507622643)
960427,0345284828,9780345284822)
786729,0345477421,9780345477422)
18735918,0062335863,9780062335869)
9717572,8850213441,9788850213443)
519546,0671550527,9780671550523)
833438,0552553697,9780552553698)
754354,842330860X,9788423308606)
199791,0641572697,9780641572692)
24524,039306025X,9780393060256)
6006313,0758225474,9780758225474)
2790866,0670010820,9780670010820)
7948881,1554047463,9781554047468)
6856,0060598824,9780060598822)
12064495,,
53611,0071381392,9780071381390)
11943382,1935955039,9781935955030)
77489,0312976755,9780312976750)
11480837,B0052YCJKI,
5834917,0385905882,9780385905886)
661283,0091894816,9780091894818)
9064899,0061985880,9780061985881)
1123269,076531438X,9780765314383)
21317441,B00ALYN7F0,
22092769,,
25066292,B0065AO30M,
21800367,0553510800,9780553510805)
1427029,1843911183,9781843911180)
13148808,8589202100,9788589202107)
79515,1570432120,9781570432125)
13423153,8374142057,9788374142052)
8143390,2081219107,9782081219106)
2842177,0600570088,9780600570080)
11324,0140014454,9780140014457)
17332422,0062004964,9780062004963)
6977328,9896371555,9789896371555)
8949849,1606238450,9781606238455)
19161806,B009LRWWDQ,
2256229,1405882719,9781405882712)
28442819,B01A3QTJA2,
9555350,0749929057,9780749929053)
39027213,1909236136,9781909236134)
1353820,,
713214,0747573611,9780747573616)
617495,0140449191,9780140449198)
34675479,3453268913,9783453268913)
35207298,0062389920,9780062389923)
1318536,0816521514,9780816521517)
56738,1414313632,9781414313634)
274138,0758203012,9780758203014)
202632,0786807083,9780786807086)
321538,0679731970,9780679731979)
1159714,0373772416,9780373772414)
2511327,1416572589,9781416572589)
572531,0345461223,9780345461223)
614780,0425213447,9780425213445)
313424,1576835359,9781576835357)
9054588,1921518227,9781921518225)
8138331,0345513789,9780345513786)
8584686,0307263991,9780307263995)
673937,0373772092,9780373772094)
167115,1401201970,9781401201975)
419083,0142000957,9780142000953)
17203770,,
20758742,,
1309082,0316728314,9780316728317)
142885,0765342790,9780765342799)
753375,0373482434,9780373482436)
25376011,,
22864645,B00OVPD746,
662280,0879758309,9780879758301)
51496,0451528956,9780451528957)
89724,0143039970,9780143039976)
11573,0451155750,9780451155757)
816085,0394485289,9780394485287)
103035,0743417321,9780743417327)
906901,0007130740,9780007130740)
960,1416524797,9781416524793)
6514,0061148512,9780061148514)
31242,0143037617,9780143037613)
62291,055357342X,9780553573428)
10572,0553381695,9780553381696)
334123,078681859X,9780786818594)
71370,0439554012,9780439554015)
5084,1400043468,9781400043460)
80642,0143036610,9780143036616)
86856,0060012781,9780060012786)
252124,0375702024,9780375702020)
7015635,014311638X,9780143116387)
178788,1932100660,9781932100662)
1260005,1594630380,9781594630385)
126258,0767915798,9780767915793)
132280,0865473358,9780865473355)
2187270,0061256684,9780061256684)
71619,0767904575,9780767904575)
40136,1582344515,9781582344515)
1820055,1400040787,9781400040780)
5560559,0151013241,9780151013241)
1158967,0553805487,9780553805482)
511292,0758215053,9780758215055)
823510,0345466128,9780345466129)
911579,0064430960,9780064430968)
160629,0007174160,9780007174164)
10266836,B004EEPK08,
2227371,0061431621,9780061431623)
16178,0618683070,9780618683079)
1175147,074513727X,9780745137278)
32067,014303961X,9780143039617)
614718,0451406869,9780451406866)
8389671,0307393879,9780307393876)
1649021,0345335902,9780345335906)
640029,037587528X,9780375875281)
6262365,1905654588,9781905654581)
4134071,031237982X,9780312379827)
5586134,1440422060,9781440422065)
8853482,0984486704,9780984486700)
7841666,1439194017,9781439194010)
7728,1580493882,9781580493888)
1381,0143039954,9780143039952)
56759,0141439785,9780141439785)
18254,,
544891,0060874163,9780060874162)
2914097,0525478183,9780525478188)
319300,0375753834,9780375753831)
2145681,0312342020,9780312342029)
3330261,0738712485,9780738712482)
34992959,0062676393,9780062676399)
36307634,B07C25Z679,
38549,0786868694,9780786868698)
5148,0743253973,9780743253970)
23232,0375836578,9780375836572)
235466,0374309892,9780374309893)
146219,0679781277,9780679781271)
202033,0618154620,9780618154623)
199687,0609807919,9780609807910)
30907856,1533690936,9781533690937)
5664985,0670011940,9780670011940)
1162022,0670070297,9780670070299)
32226,0804119430,9780804119436)
123201,0394839161,9780394839165)
57687,0380791269,9780380791262)
338404,1857236106,9781857236101)
381072,0060002220,9780060002220)
2037449,042502329X,9780425023297)
6683549,0307269647,9780307269645)
588242,0679724494,9780679724490)
32542,,
28007898,0375423222,9780375423222)
3023,0465081452,9780465081455)
6478256,1439168571,9781439168578)
503432,1933392797,9781933392790)
44781,0802139701,9780802139702)
444100,0345468635,9780345468635)
9728144,0756406749,9780756406745)
13152949,0307952193,9780307952196)
14706,0553213482,9780553213485)
918789,0671725661,9780671725662)
4909,0743243781,9780743243780)
674181,1401359620,9781401359621)
3895,0609602195,9780609602195)
236011,0767902793,9780767902793)
137599,0141181532,9780141181530)
67657,0375751114,9780375751110)
104535,089815166X,9780898151664)
170448,0451526341,9780451526342)
16631,0140282580,9780140282580)
68494,0345459407,9780345459404)
170210,0441013333,9780441013333)
20556438,0451472322,9780451472328)
818610,0316330116,9780316330114)
1552572,0751500801,9780751500806)
20069589,1484054814,9781484054819)
21858914,3802596242,9783802596247)
16030726,9513168042,9789513168049)
11019,0393975428,9780393975420)
11888804,145922289X,9781459222892)
22440677,,
28693701,0062378864,9780062378866)
849203,1846164621,9781846164620)
21523076,B00IYD20G,
22590196,,
917488,0425196429,9780425196427)
1850833,1400066506,9781400066506)
1443066,0785109781,9780785109785)
2532299,2080702637,9782080702630)
38054,087067997X,9780870679971)
476494,037377057X,9780373770571)
5283121,,
154293,0452284392,9780452284395)
3581328,1401220878,9781401220877)
62885,8433966987,9788433966988)
581163,0006496946,9780006496946)
6588092,B002EVOHHU,
6125135,1438504233,9781438504230)
1927226,1599900793,9781599900797)
6288716,,
840043,0679720197,9780679720195)
18002175,,
7685687,0778328422,9780778328421)
13367570,0987822632,9780987822635)
1397532,0141314397,9780141314396)
7733167,1423128648,9781423128649)
479707,0449208885,9780449208885)
9808117,073362491X,9780733624919)
11607961,0061827673,9780061827679)
24968,0691020264,9780691020266)
830899,0449702901,9780449702901)
16297978,3899554698,9783899554694)
23546815,0785189297,9780785189299)
9359818,159780214X,9781597802147)
28572095,,
3813257,1902197259,9781902197258)
32945774,B01LY5C1IK,
13647533,,
18911658,B00DPK3D0G,
1638233,2266161105,9782266161107)
18368633,,
997355,0330312731,9780330312738)
569429,0345379330,9780345379337)
31915456,2070601382,9782070601387)
369409,0674537513,9780674537514)
1054845,0316167053,9780316167055)
1145825,0525950168,9780525950165)
672619,0451197704,9780451197702)
1150181,0373771061,9780373771066)
7117197,1420108883,9781420108880)
482842,0064470288,9780064470285)
22600,1933110309,9781933110301)
7297559,1609110013,9781609110017)
59144,0375759077,9780375759079)
6422680,031604279X,9780316042796)
15758934,1476274665,9781476274669)
11458531,0451236238,9780451236234)
9432902,0316006963,9780316006965)
13227866,1401234623,9781401234621)
307716,0671689762,9780671689766)
3878183,1605040983,9781605040981)
251975,0743467256,9780743467254)
294549,0060554797,9780060554798)
6051589,0738714747,9780738714745)
411992,1593760183,9781593760182)
346268,1416911685,9781416911685)
16003569,1479240125,9781479240128)
10309013,0307886948,9780307886941)
80939,0812970004,9780812970005)
2976142,1596433418,9781596433410)
269353,1894937899,9781894937894)
10367342,,
20324107,,
15942603,1402251963,9781402251962)
19476963,B004IARUM4,
835589,0805036539,9780805036534)
21946976,,
9247442,1846143306,9781846143304)
8322565,8427200382,9788427200388)
1243525,5955501673,5955501673
248193,0465086454,9780465086450)
13510287,B0051ANPZQ,
35963641,,
27823055,,
17533,0316030899,9780316030892)
32721558,1471144852,9781471144851)
2246948,,
34066636,0062689665,9780062689665)
25313208,0142181536,9780142181539)
25348142,,
249792,030492119X,9780304921195)
818602,1592284825,9781592284825)
142822,0060936266,9780060936266)
1207054,055315821X,9780553158212)
2762880,034070781X,9780340707814)
12396699,,
788515,0486448460,9780486448466)
3067,0374525757,9780374525750)
2608296,1414319398,9781414319391)
76525,0802130178,9780802130174)
473067,0439978963,9780439978965)
8419429,0425240142,9780425240144)
3061457,,
17184353,,
5913760,1593155425,9781593155421)
6305573,,
9673193,1442407883,9781442407886)
23506377,,
23399295,054577313X,9780545773133)
24893071,9788855801,9788855801
25024097,2253161438,9782253161431)
3233381,0385736452,9780385736459)
26097,0060928417,9780060928414)
1932023,0641740689,9781585422135)
34806628,,
47708,0743201116,9780743201117)
22842711,,
35023058,,
33156573,B01IW9TQPK,
34408304,0451489233,9780451489234)
1582471,0747565023,9780747565024)
9577968,0099509768,9780099509769)
77555,0897891058,9780897891059)
129511,0060881909,9780060881900)
7708353,,
958851,187806794X,9781878067944)
4136,0316191299,9780316191296)
11479938,0983632901,9780983632900)
13139660,,
7665888,0575084960,9780575084964)
12275680,0345527771,9780345527776)
5656627,1414319401,9781414319407)
6661472,B002HUU0A6,
485820,0758202504,9780758202505)
777108,0140434119,9780140434118)
7069333,0575095202,9780575095205)
1384335,0399139060,9780399139062)
12977456,B0060QST0Q,
94733,0140148116,9780140148114)
414306,0380814110,9780380814114)
18715732,B00FQJANNO,
6150453,0843961856,9780843961850)
5797595,054503342X,9780545033428)
21799356,1940517028,9781940517025)
15904801,193700810X,9781937008109)
13416962,,
346518,0763630233,9780763630232)
15755234,162300148X,9781623001483)
510029,0340824042,9780340824047)
7936932,143910896X,9781439108963)
11836518,0310728207,9780310728207)
19025951,B00E13T4J0,
20982872,,
4005310,0670020532,9780670020539)
12872186,1613771479,9781613771471)
10955056,0393068137,9780393068139)
13318584,0547840179,9780547840178)
333071,0883686333,9780883686331)
33843362,0385744773,9780385744775)
309480,068982033X,9780689820335)
14815112,006211851X,9780062118516)
11333587,0307887456,9780307887450)
1568491,0785121382,9780785121381)
639076,0393326551,9780393326550)
145666,0156005743,9780156005746)
115009,1580050352,9781580050357)
6531880,0151010897,9780151010899)
333920,1595140484,9781595140487)
107312,0385113072,9780385113076)
8730060,0984592636,9780984592630)
297219,0553589466,9780553589467)
3059,,
3335784,9725681339,9789725681336)
12751121,,
86938,1583224904,9781583224908)
7739968,0810989816,9780810989818)
13547504,,
1044234,0312969198,9780312969196)
20758778,,
1207904,038551851X,9780385518512)
18627947,0451419073,9780451419071)
13358039,B005X65UNI,
1586261,0374234345,9780374234348)
591820,0099493799,9780099493792)
27650036,1508745447,9781508745440)
611582,1594771359,9781594771354)
3357906,080508682X,9780805086829)
579562,0142402265,9780142402269)
18505829,0062310070,9780062310071)
22357946,1606905295,9781606905296)
202881,0802136257,9780802136251)
46285,0749394803,9780749394806)
734747,0812568761,9780812568769)
6218284,0061794724,9780061794728)
4747469,0727858947,9780727858948)
7641961,0440245788,9780440245780)
7507750,1420109855,9781420109856)
263137,0812504046,9780812504040)
12170415,1439575266,9781439575260)
880192,0140075968,9780140075960)
6161568,1581349300,9781581349306)
427805,0786838574,9780786838578)
393466,0688013120,9780688013127)
1133118,0802130704,9780802130709)
30357,0446614165,9780446614160)
431071,,
7479,0375704566,9780375704567)
279667,059087988X,9780590879880)
2171342,3442431379,9783442431373)
18050560,0062085808,9780062085801)
19484529,0544340973,9780544340978)
295787,0771014503,9780771014505)
21093828,0141350180,9780141350189)
22892100,1501103245,9781501103247)
9532302,1847679447,9781847679444)
7455263,141991250X,9781419912504)
13639952,,
17345314,1908844671,9781908844675)
781627,0940322455,9780940322455)
2520921,0446618705,9780446618700)
23592287,3453418530,9783453418530)
10216275,,
27802696,B017UNEQB8,
20168816,0345537262,9780345537263)
20494044,1473200253,9781473200258)
720987,0140041923,9780140041927)
81992,1841493341,9781841493343)
8069816,,
127454,0440238668,9780440238669)
7203690,0373774524,9780373774524)
2873007,0764204319,9780764204319)
12624498,B005JMJ046,
1215918,1416505296,9781416505297)
1858968,0758220316,9780758220318)
294465,0380805936,9780380805938)
15815333,1594488398,9781594488399)
101483,0758213867,9780758213860)
862025,0448095505,9780448095509)
16101054,1595146652,9781595146656)
7775665,1442412364,9781442412361)
12585217,,
12364550,B005GQ87YE,
18177055,B00DU10GW8,
528530,8817114111,9788817114110)
25861945,145214284X,9781452142845)
849993,0440413729,9780440413721)
52139,0195051807,9780195051803)
239918,0553266578,9780553266573)
192378,1567922813,9781567922813)
18296022,1423164903,9781423164906)
1140838,1416948287,9781416948285)
150851,0194232670,9780194232678)
17316196,,
21522119,,
3062241,1419127454,9781419127458)
24563061,B00K86F2S6,
5607754,9770702491,9770702491
3286671,0394701801,9780394701806)
6652282,,
23492692,1476756252,9781476756257)
22001278,,
5328,1580495796,9781580495790)
19370974,0385392796,9780385392792)
333657,1406938556,9781406938555)
3143104,9722328298,9789722328296)
1911719,0340933674,9780340933671)
18490533,0765335298,9780765335296)
18778063,B00CYQ6YZS,
13498837,,
22331746,,
164408,0060955325,9780060955328)
436745,0007176422,9780007176427)
4945163,0312369743,9780312369743)
1930898,0345494644,9780345494641)
6430780,9600332932,9789600332933)
154072,0521599628,9780521599627)
2031518,1406550264,9781406550269)
13001692,1466247320,9781466247321)
7840876,0425238105,9780425238103)
215170,1598560530,9781598560534)
176271,0671702432,9780671702434)
747252,0618616802,9780618616800)
317056,0822205009,9780822205005)
18715670,B00FQN9T80,
16161136,8420413097,9788420413099)
16039732,,
13552229,,
9760071,1442413190,9781442413191)
8670332,1596548185,9781596548183)
15791459,0316226440,9780316226448)
12646818,0983475474,9780983475477)
21805399,0062364022,9780062364029)
390465,0425214354,9780425214350)
15704459,0385743580,9780385743587)
17608111,0356502023,9780356502021)
181858,0141011165,9780141011165)
22602343,B00L3NJSZ6,
23395716,1406361321,9781406361322)
586516,0425182134,9780425182130)
15791114,1455503959,9781455503957)
25189315,0393351904,9780393351903)
25759160,,
421569,0001983679,9780001983670)
12191366,1402269285,9781402269288)
23507231,1849908796,9781849908795)
12184193,B00005NZJA,
8922184,0545151465,9780545151467)
44380,0385721919,9780385721912)
5124562,0878425012,9780878425013)
92886,0786916788,9780786916788)
6286946,0760790310,9780760790311)
9584310,1453778039,9781453778036)
2237784,0345487052,9780345487056)
11525,0761104844,9780761104841)
13580660,1432790528,9781432790523)
10817086,1444704834,9781444704839)
106861,0785113460,9780785113461)
165449,1565071999,9781565071995)
15979672,1479103438,9781479103430)
6613764,1408700603,9781408700600)
18915863,B00BEQP3K6,
18513845,B00DMI6XN0,
3550665,5170223447,9785170223442)
3407354,1589191064,9781589191068)
22400511,B01FQQ41RA,
354518,1416918302,9781416918301)
13505863,B007DCYR3O,
7768158,074995356X,9780749953560)
22609791,1466869887,9781466869882)
20623984,849423630X,9788494236303)
615899,0471595217,9780471595212)
25151096,B00UQH820M,
10311581,951018943X,951018943X
15845828,1742611273,9781742611273)
11059676,B004L9MFM2,
33175,0140444300,9780140444308)
32205074,,
25489021,0553393154,9780553393156)
17802727,0142423467,9780142423462)
180995,,
409320,0590431307,9780590431309)
593153,031020707X,9780310207078)
6821371,0785139419,9780785139416)
860559,0448095130,9780448095134)
9301842,0545213193,9780545213196)
9284095,,
1381691,080508150X,9780805081503)
4897386,1589191072,9781589191075)
13278125,B005JDTKIG,
231917,1427800588,9781427800589)
17287541,,
337040,055309582X,9780553095821)
10290752,0307463923,9780307463920)
16113757,1848092377,9781848092372)
28607045,,
30600,0140443533,9780140443530)
23656346,B00ROFITIE,
9847899,B004EHZXVQ,
10093997,B004C43GI8,
30364774,1626494754,9781626494756)
13573634,145169721X,9781451697216)
292125,3791504673,9783791504674)
19170022,B006JT5E2K,
34500937,B06XFZYNM1,
8652630,902254317X,9789022543177)
2264992,,
3305510,1602820422,9781602820425)
11753475,1466271191,9781466271197)
209666,0452265622,9780452265622)
10262881,B0043GX2FW,
14289720,0981762557,9780981762555)
17558829,0991860209,9780991860203)
1112665,0595092969,9780595092963)
10051438,1770460411,9781770460416)
12833894,2290034533,9782290034538)
18651854,0764211951,9780764211959)
13412752,,
20601983,B009CCAOXA,
12988064,144243984X,9781442439849)
6877602,,
7385602,9726171636,9726171636
16242171,0988268507,9780988268500)
18478208,0316282014,9780316282017)
25787035,1442397209,9781442397200)
18930396,B00DQ8C2D6,
25350194,B00VZ2YQWA,
25635807,1471116662,9781471116667)
28585208,B018QIKVWY,
494610,074329890X,9780743298902)
311226,0099465760,9780099465768)
60177,0543895149,9780543895141)
32327451,,
34106502,B01NAXSKTW,
587058,9113011804,9789113011806)
28190254,1338053612,9781338053616)
25965222,B0125VU8YY,
22772,0373810792,9780373810796)
232071,186046890X,9781860468902)
71582,0802140521,9780802140524)
273788,1569709521,9781569709528)
378579,0061236179,9780061236174)
52036,,
151,0143035002,9780143035008)
13,0345453743,9780345453747)
526787,0385323301,9780385323307)
17383917,0062023179,9780062023179)
24812,0740748475,9780740748479)
6892870,030726999X,9780307269997)
12127810,1423146727,9781423146728)
18635016,0062059998,9780062059994)
14249,0060959037,9780060959036)
19351490,B00912L5U2,
13206760,0312642962,9780312642969)
16081272,1480095532,9781480095533)
2052,0394758285,9780394758282)
667,0452281253,9780452281257)
6440,0140436588,9780140436587)
6320534,1439148503,9781439148501)
816,0060512806,9780060512804)
13206828,0312642970,9780312642976)
8621462,1406311529,9781406311525)
48328,0413757102,9780413757104)
19057,0375836675,9780375836671)
95819,0805005013,9780805005011)
21671,0060584750,9780060584757)
13362536,1620610094,9781620610091)
16056408,0425266745,9780425266748)
9566,184243022X,9781842430224)
24192,0385339690,9780385339698)
13262783,0307931889,9780307931887)
773951,0670674249,9780670674244)
15925,0446696110,9780446696111)
47021,074347757X,9780743477574)
17788401,B00HB62MC0,
13496084,,
15760001,B0094J01VG,
7937462,031612558X,9780316125581)
29797,0486426750,9780486426754)
22299763,B0117K9N3Q,
6134826,0312532768,9780312532765)
13584236,0345803574,9780345803573)
11594257,1907411054,9781907411052)
5152478,067001110X,9780670011100)
6609765,141697170X,9781416971702)
5267365,1423116380,9781423116387)
29641,0099478447,9780099478447)
10194514,0373210493,9780373210497)
27323,0679721037,9780679721031)
16115612,159463176X,9781594631764)
133430,0449214192,9780449214190)
38210,1573221112,9781573221115)
43933,0440236703,9780440236702)
412732,,
3128411,1841496863,9781841496863)
10625,2266047426,9782266047425)
13628209,1469984016,9781469984018)
41899,0439321603,9780439321600)
9462812,0062004018,9780062004017)
1166599,0765302306,9780765302304)
11966216,1250006325,9781250006325)
28251,1841493155,9781841493152)
3054684,0061284408,9780061284403)
53022,0684807319,9780684807317)
4345498,0441017029,9780441017027)
22918050,B00MFYCZ2U,
6138,0375757856,9780375757853)
5212771,0451227190,9780451227195)
752900,0486275485,9780486275482)
43945,0099399016,9780099399018)
5130,0060085495,9780060085490)
7198988,0312590970,9780312590970)
3554772,,
70241,0312420331,9780312420338)
9761778,1937053148,9781937053147)
9557,0099448475,9780099448471)
7100490,1416989404,9781416989400)
12294652,0803736991,9780803736993)
35642518,B0728LK7JC,
7728889,031612611X,9780316126113)
12971616,0061974587,9780061974588)
42849823,B07GGYBJY1,
12558285,1419704281,9781419704284)
58085,014250047X,9780142500477)
9593,0385333870,9780385333870)
6504894,0345501136,9780345501134)
39817625,8887269041,9788887269048)
23001504,0425273768,9780425273760)
23431912,,
15818155,0062072048,9780062072047)
17399338,1846882435,9781846882432)
8114604,,
21805511,0615999085,9780615999081)
19196719,1444789171,9781444789171)
12613710,B005L33FSA,
20830845,1475255012,9781475255010)
18303623,1101637323,9781101637326)
1291491,0929480066,9780929480060)
20860778,1467739030,9781467739030)
16171283,0143107046,9780143107040)
15762662,1622669533,9781622669530)
25160929,B00URW4SCW,
25236421,,
18404155,1250048834,9781250048837)
24876097,,
15984412,1455522295,9781455522293)
13107443,9892316002,9789892316000)
26330759,0979480574,9780979480577)
18749571,904881863X,9789048818631)
25519195,B00S189OTQ,
19195803,B00FEKNAUS,
18054175,006228553X,9780062285539)
12004809,B0055ECOUA,
6514476,0312592280,9780312592288)
17934074,,
29456,0446602485,9780446602488)
4745993,0060872349,9780060872342)
91494,0385720173,9780385720175)
25255576,,
1530539,3746614007,9783746614007)
23664763,1784160725,9781784160722)
11040554,1442439033,9781442439030)
11468322,3833900261,9783833900266)
6611515,B000OCXI3K,
20525628,,
12619466,8493618128,9788493618124)
17401028,1409142981,9781409142980)
22842257,,
28231804,B019H2KUSI,
12329859,2234062640,9782234062641)
71513,8420657212,9788420657219)
21859933,222112930X,9782221129302)
10794492,,
1578130,0345346904,9780345346902)
23153351,,
1293856,0765309939,9780765309938)
139724,140007875X,9781400078752)
89915,0940322803,9780940322806)
168661,0553212788,9780553212785)
21938952,,
80207,0060670630,9780060670634)
23164911,0345549198,9780345549198)
17925085,3789130427,9783789130427)
18592700,8379432134,9788379432134)
3421791,8478888853,9788478888856)
16130760,B01HB7N984,
9691607,0316098329,9780316098328)
15757665,,
34688189,1543150144,9781543150148)
52408,1416534288,9781416534280)
103582,8471662604,9788471662606)
4143812,0140449469,9780140449464)
6592216,B001QEAQOY,
16125940,B009M63VN6,
974193,0765347121,9780765347121)
18960816,B0094DT1GI,
35852112,B074CFRBWZ,
27840608,0310520886,9780310520887)
13553579,9781840226,9781840226
36200820,B073RNS2CX,
239065,051513175X,9780515131758)
15549,0345484088,9780345484086)
11242368,1442441151,9781442441156)
7893,0064408590,9780064408592)
1933181,0345495357,9780345495358)
93794,0451209338,9780451209337)
1783281,1416950427,9781416950424)
12882349,1441271163,9781441271167)
563457,0671759345,9780671759346)
10551253,1423119576,9781423119579)
456,0140178139,9780140178135)
11201007,,
1022209,0812550447,9780812550443)
80672,0142408786,9780142408780)
22189,0316735094,9780316735094)
92625,0886825016,9780886825010)
125553,0439568471,9780439568470)
7057397,1590513525,9781590513521)
9637428,1030915151,9789715849630)
16520900,0988381176,9780988381179)
7897851,184624417X,9781846244179)
15784909,B00BOVFLD0,
6837103,1439153663,9781439153666)
12194,1551111721,9781551111728)
458034,0425218422,9780425218426)
383028,0385336691,9780385336697)
161887,0152052216,9780152052218)
15992880,B0092PPR5M,
2761356,1419953249,9781419953248)
1928873,0440244447,9780440244448)
11250053,0316175676,9780316175678)
3465,0446694851,9780446694858)
2750180,,
179033,0006473296,9780006473299)
304079,0062509594,9780062509598)
11529868,0812992792,9780812992793)
28962906,031627349X,9780316273497)
92143,188896314X,9781888963144)
8709528,159514322X,9781595143228)
9439989,0758266928,9780758266927)
24790,849759388X,9788497593885)
79626,0440406943,9780440406945)
31215933,,
48132,0142004413,9780142004418)
345627,159514174X,9781595141743)
11227041,B004X6TMLA,
11688630,,
23258641,,
42909,0312335288,9780312335281)
13925,0765345013,9780765345011)
16081754,B009PBUUDC,
12959086,1423163001,9781423163008)
4893390,0007302142,9780007302147)
17560444,B00BTK0136,
76664,034525855X,9780345258557)
18081809,1250049377,9781250049377)
315425,1594201455,9781594201455)
19068,0140449493,9780140449495)
9165406,0547152604,9780547152608)
17876893,0425273865,9780425273869)
9297774,0062048503,9780062048509)
112074,0679777482,9780679777489)
16703,0007149824,9780007149827)
54270,0395083621,9780395083628)
99664,0307277771,9780307277770)
17876,0451529553,9780451529558)
920607,,
413,0312423209,9780312423209)
25489625,0812993543,9780812993547)
31450852,1681195771,9781681195773)
176327,0810959259,9780810959255)
11337912,1451656505,9781451656503)
15852756,B0092FJKFU,
8519822,0385735359,9780385735353)
11479285,B0051BJSRO,
43255,0552152161,9780552152167)
27014776,1483434230,9781483434230)
11041,1579125743,9781579125745)
40881903,,
22584,1857983416,9781857983418)
26032825,0316310271,9780316310277)
43049,1598184318,9781598184310)
138202,0609807900,9780609807903)
5231173,0316051594,9780316051590)
9565045,0312360819,9780312360818)
1099262,846750269X,9788467502695)
1832749,1416955208,9781416955207)
139417,0345490657,9780345490650)
61264,0375703829,9780375703829)
17888952,0062294377,9780062294371)
15781026,0425263991,9780425263990)
1111600,0312875045,9780312875046)
10619,0340640146,9780340640142)
715834,0345447867,9780345447869)
115076,0452287898,9780452287891)
11711,0571215165,9780571215164)
395182,0140186301,9780140186307)
32702285,,
250024,,
11563110,0061996181,9780061996184)
16322,1579126243,9781579126247)
662597,0439324599,9780439324595)
22489107,1250060559,9781250060556)
6538757,1849231842,9781849231848)
20512062,0989121879,9780989121873)
6357708,0316068683,9780316068680)
n,isbn,isbn13
3357906,080508682X,9780805086829)
3487134,8756774370,9788756774376)
32933122,,
579562,0142402265,9780142402269)
18505829,0062310070,9780062310071)
22357946,1606905295,9781606905296)
202881,0802136257,9780802136251)
14031,0374530491,9780374530495)
24519,0762415401,9780762415403)
46285,0749394803,9780749394806)
734747,0812568761,9780812568769)
6218284,0061794724,9780061794728)
4747469,0727858947,9780727858948)
7641961,0440245788,9780440245780)
9703431,8804565217,9788804565215)
294691,0440238676,9780440238676)
7507750,1420109855,9781420109856)
263137,0812504046,9780812504040)
12170415,1439575266,9781439575260)
880192,0140075968,9780140075960)
3197145,1595821651,9781595821652)
6526709,1843603241,1843603241
6161568,1581349300,9781581349306)
427805,0786838574,9780786838578)
393466,0688013120,9780688013127)
1133118,0802130704,9780802130709)
15827731,0988273608,9780988273603)
125973,0486427137,9780486427133)
30357,0446614165,9780446614160)
431071,,
7479,0375704566,9780375704567)
279667,059087988X,9780590879880)
20758787,,
16139694,B00BD6XPA2,
2171342,3442431379,9783442431373)
18050560,0062085808,9780062085801)
19484529,0544340973,9780544340978)
295787,0771014503,9780771014505)
106582,037362123X,9780373621231)
20905438,1495974219,9781495974212)
21093828,0141350180,9780141350189)
22892100,1501103245,9781501103247)
9532302,1847679447,9781847679444)
7455263,141991250X,9781419912504)
10292397,0307886034,9780307886033)
15707927,0751548502,9780751548501)
13639952,,
17345314,1908844671,9781908844675)
781627,0940322455,9780940322455)
2520921,0446618705,9780446618700)
23592287,3453418530,9783453418530)
23278600,168030027X,9781680300277)
10216275,,
27802696,B017UNEQB8,
20168816,0345537262,9780345537263)
20494044,1473200253,9781473200258)
720987,0140041923,9780140041927)
1830583,0671819119,9780671819118)
81992,1841493341,9781841493343)
8069816,,
127454,0440238668,9780440238669)
7203690,0373774524,9780373774524)
32441,0553804812,9780553804812)
122981,0310274419,9780310274414)
n,isbn,isbn13
2873007,0764204319,9780764204319)
12624498,B005JMJ046,
1215918,1416505296,9781416505297)
1858968,0758220316,9780758220318)
1739855,0836211979,9780836211979)
294465,0380805936,9780380805938)
15815333,1594488398,9781594488399)
101483,0758213867,9780758213860)
862025,0448095505,9780448095509)
16101054,1595146652,9781595146656)
6333828,9725642465,9725642465
7775665,1442412364,9781442412361)
12585217,,
12364550,B005GQ87YE,
18177055,B00DU10GW8,
9626525,2290027367,9782290027363)
8396505,045123197X,9780451231970)
528530,8817114111,9788817114110)
25861945,145214284X,9781452142845)
849993,0440413729,9780440413721)
52139,0195051807,9780195051803)
6665903,0765326523,9780765326522)
13536590,0812981448,9780812981445)
239918,0553266578,9780553266573)
192378,1567922813,9781567922813)
18296022,1423164903,9781423164906)
1140838,1416948287,9781416948285)
697564,0451216539,9780451216533)
6485092,0141190302,9780141190303)
150851,0194232670,9780194232678)
17316196,,
21522119,,
3062241,1419127454,9781419127458)
24563061,B00K86F2S6,
5944861,1844286150,9781844286157)
5607754,9770702491,9770702491
3286671,0394701801,9780394701806)
6652282,,
23492692,1476756252,9781476756257)
6430718,0446618713,9780446618717)
22001278,,
255928,0764201654,9780764201653)
5328,1580495796,9781580495790)
19370974,0385392796,9780385392792)
333657,1406938556,9781406938555)
3143104,9722328298,9789722328296)
67557,8575421131,9788575421130)
12408152,,
1911719,0340933674,9780340933671)
18490533,0765335298,9780765335296)
18778063,B00CYQ6YZS,
13498837,,
22331746,,
1361319,9625935274,9789625935270)
363492,,
164408,0060955325,9780060955328)
436745,0007176422,9780007176427)
4945163,0312369743,9780312369743)
1930898,0345494644,9780345494641)
1389938,1590386299,9781590386293)
4947464,B000X138ZA,
6430780,9600332932,9789600332933)
154072,0521599628,9780521599627)
2031518,1406550264,9781406550269)
13001692,1466247320,9781466247321)
8008215,081241604X,9780812416046)
215170,1598560530,9781598560534)
176271,0671702432,9780671702434)
747252,0618616802,9780618616800)
317056,0822205009,9780822205005)
18715670,B00FQN9T80,
16161136,8420413097,9788420413099)
16039732,,
13552229,,
9760071,1442413190,9781442413191)
8670332,1596548185,9781596548183)
15791459,0316226440,9780316226448)
12646818,0983475474,9780983475477)
21805399,0062364022,9780062364029)
390465,0425214354,9780425214350)
15704459,0385743580,9780385743587)
17608111,0356502023,9780356502021)
181858,0141011165,9780141011165)
22602343,B00L3NJSZ6,
23395716,1406361321,9781406361322)
586516,0425182134,9780425182130)
15791114,1455503959,9781455503957)
25189315,0393351904,9780393351903)
25759160,,
421569,0001983679,9780001983670)
12191366,1402269285,9781402269288)
23507231,1849908796,9781849908795)
12184193,B00005NZJA,
8922184,0545151465,9780545151467)
44380,0385721919,9780385721912)
5124562,0878425012,9780878425013)
92886,0786916788,9780786916788)
6286946,0760790310,9780760790311)
9584310,1453778039,9781453778036)
2237784,0345487052,9780345487056)
11525,0761104844,9780761104841)
13580660,1432790528,9781432790523)
10817086,1444704834,9781444704839)
106861,0785113460,9780785113461)
165449,1565071999,9781565071995)
15979672,1479103438,9781479103430)
279672,0590877623,9780590877626)
18915863,B00BEQP3K6,
18513845,B00DMI6XN0,
3550665,5170223447,9785170223442)
15748297,1444765493,9781444765496)
22400511,B01FQQ41RA,
354518,1416918302,9781416918301)
13505863,B007DCYR3O,
1228638,0340860995,9780340860991)
22609791,1466869887,9781466869882)
20623984,849423630X,9788494236303)
615899,0471595217,9780471595212)
22008279,,
10311581,951018943X,951018943X
15845828,1742611273,9781742611273)
11059676,B004L9MFM2,
24974122,0764210726,9780764210723)
25489021,0553393154,9780553393156)
17802727,0142423467,9780142423462)
47831,0394539079,9780394539072)
13618037,1595828621,9781595828620)
593153,031020707X,9780310207078)
6821371,0785139419,9780785139416)
12360719,,
13994,0886776120,9780886776121)
860559,0448095130,9780448095134)
9284095,,
1381691,080508150X,9780805081503)
15770498,0385739796,9780385739795)
11797374,0670023442,9780670023448)
4897386,1589191072,9781589191075)
17287541,,
337534,0974326437,9780974326436)
13311347,0717150410,9780717150410)
337040,055309582X,9780553095821)
28607045,,
8901953,0373210116,9780373210114)
17046614,1611099188,9781611099188)
30600,0140443533,9780140443530)
10093997,B004C43GI8,
30364774,1626494754,9781626494756)
13498879,,
13573634,145169721X,9781451697216)
34500937,B06XFZYNM1,
1393555,2264027312,9782264027313)
17976204,9781407124,9781407124
8652630,902254317X,9789022543177)
11753475,1466271191,9781466271197)
209666,0452265622,9780452265622)
10917458,B005QJ6P9K,
10262881,B0043GX2FW,
1112665,0595092969,9780595092963)
19012082,,
2483907,1589191048,9781589191044)
10051438,1770460411,9781770460416)
13412752,,
20601983,B009CCAOXA,
15848274,0985236744,9780985236748)
12988064,144243984X,9781442439849)
16242171,0988268507,9780988268500)
18478208,0316282014,9780316282017)
18491963,1616260408,9781616260408)
28549365,,
25350194,B00VZ2YQWA,
25635807,1471116662,9781471116667)
28585208,B018QIKVWY,
494610,074329890X,9780743298902)
311226,0099465760,9780099465768)
60177,0543895149,9780543895141)
587058,9113011804,9789113011806)
28190254,1338053612,9781338053616)
25965222,B0125VU8YY,
725249,0849944961,0023755023407)
232071,186046890X,9781860468902)
71582,0802140521,9780802140524)
273788,1569709521,9781569709528)
378579,0061236179,9780061236174)
151,0143035002,9780143035008)
13,0345453743,9780345453747)
526787,0385323301,9780385323307)
1375,0147712556,9780147712554)
24812,0740748475,9780740748479)
6892870,030726999X,9780307269997)
12127810,1423146727,9781423146728)
18635016,0062059998,9780062059994)
14249,0060959037,9780060959036)
19351490,B00912L5U2,
13206760,0312642962,9780312642969)
16081272,1480095532,9781480095533)
1431,0061124265,9780061124266)
667,0452281253,9780452281257)
6440,0140436588,9780140436587)
6320534,1439148503,9781439148501)
11125,,
13206828,0312642970,9780312642976)
8621462,1406311529,9781406311525)
48328,0413757102,9780413757104)
29946,0099427869,9780099427865)
95819,0805005013,9780805005011)
21671,0060584750,9780060584757)
13362536,1620610094,9781620610091)
38180,1842322761,9781842322765)
9566,184243022X,9781842430224)
24192,0385339690,9780385339698)
13262783,0307931889,9780307931887)
773951,0670674249,9780670674244)
6192,0143036378,9780143036371)
47021,074347757X,9780743477574)
17788401,B00HB62MC0,
13496084,,
581811,0802135196,9780802135193)
7937462,031612558X,9780316125581)
29797,0486426750,9780486426754)
22299763,B0117K9N3Q,
32829,0553213970,9780553213973)
13584236,0345803574,9780345803573)
11594257,1907411054,9781907411052)
5152478,067001110X,9780670011100)
321645,0671023462,9780671023461)
5267365,1423116380,9781423116387)
29641,0099478447,9780099478447)
10194514,0373210493,9780373210497)
38501,006117758X,9780061177583)
18692431,0553496646,9780553496642)
133430,0449214192,9780449214190)
38210,1573221112,9781573221115)
540020,0553266306,9780553266306)
6431790,0316036196,9780316036191)
3128411,1841496863,9781841496863)
10625,2266047426,9782266047425)
27252,0345416260,9780345416261)
42607,074348486X,9780743484862)
9462812,0062004018,9780062004017)
1166599,0765302306,9780765302304)
11966216,1250006325,9781250006325)
318525,0394298667,9780394298665)
3054684,0061284408,9780061284403)
53022,0684807319,9780684807317)
4345498,0441017029,9780441017027)
22918050,B00MFYCZ2U,
6138,0375757856,9780375757853)
5212771,0451227190,9780451227195)
752900,0486275485,9780486275482)
43945,0099399016,9780099399018)
5130,0060085495,9780060085490)
7198988,0312590970,9780312590970)
3554772,,
70241,0312420331,9780312420338)
140963,0679743626,9780679743620)
161099,006440174X,9780064401746)
9761778,1937053148,9781937053147)
9557,0099448475,9780099448471)
7100490,1416989404,9781416989400)
12294652,0803736991,9780803736993)
35642518,B0728LK7JC,
7728889,031612611X,9780316126113)
12971616,0061974587,9780061974588)
42849823,B07GGYBJY1,
