n,isbn,isbn13
27371034,The,Meluha
7897851,184624417X,9781846244179)
40121205,184624417X,9781846244179)
43600950,1793378673,9781793378675)
44575575,1793378673,9781793378675)
17623975,0142422959,9780142422953)
35231,0812513754,9780812513752)
27774758,0812513754,9780812513752)
34511,0812513754,9780812513752)
9009637,0812513754,9780812513752)
22293224,0991055446,9780991055449)
11187932,1456325639,9781456325633)
15796700,1456325639,9781456325633)
4659,1456325639,9781456325633)
13453029,1456325639,9781456325633)
20801439,1456325639,9781456325633)
19549841,1456325639,9781456325633)
12983100,1456325639,9781456325633)
28009303,1456325639,9781456325633)
1499952,1456325639,9781456325633)
16429619,1456325639,9781456325633)
15055,1456325639,9781456325633)
4395,1456325639,9781456325633)
30008702,1456325639,9781456325633)
46601,1456325639,9781456325633)
618177,1456325639,9781456325633)
7913305,1456325639,9781456325633)
2199,0743270754,9780743270755)
18776097,1476793794,9781476793795)
6582637,0425233367,9780425233368)
11733898,1937085732,9781937085735)
43460271,1791653936,9781791653934)
11733930,1791653936,9781791653934)
37586,1791653936,9781791653934)
253058,1791653936,9781791653934)
88389,1791653936,9781791653934)
20388847,193938365X,9781939383655)
17673620,193938365X,9781939383655)
18132276,1490303340,9781490303345)
34927038,1521099499,9781521099490)
9804,1521099499,9781521099490)
45043077,1093603283,9781093603286)
11298,037571894X,9780375718946)
17455585,037571894X,9780375718946)
14061955,037571894X,9780375718946)
18930938,037571894X,9780375718946)
17231,037571894X,9780375718946)
24536832,0987434861,9780987434869)
31408159,0987434861,9780987434869)
18754855,0987434861,9780987434869)
18136407,0987434861,9780987434869)
46760314,0987434861,9780987434869)
42773851,0999503111,9780999503119)
17236613,098534346X,9780985343460)
6567284,098534346X,9780985343460)
19161852,098534346X,9780985343460)
42439142,1543946488,9781543946482)
17798287,1543946488,9781543946482)
15768191,0062265946,9780062265944)
11987,0062265946,9780062265944)
16134551,0062265946,9780062265944)
18710853,0062265946,9780062265944)
14383,0062265946,9780062265944)
17383481,0062265946,9780062265944)
17936909,0062265946,9780062265944)
13402447,0062265946,9780062265944)
18500665,0062265946,9780062265944)
12020927,1434432084,9781434432087)
15803693,1442483989,9781442483989)
18404957,0988936445,9780988936447)
26119570,0988936445,9780988936447)
38495676,1984257676,9781984257673)
9305362,1984257676,9781984257673)
14061957,1984257676,9781984257673)
1772910,1984257676,9781984257673)
10016013,1984257676,9781984257673)
7170627,1984257676,9781984257673)
8434205,1984257676,9781984257673)
33967732,1546716548,9781546716549)
2179276,1546716548,9781546716549)
13519397,1546716548,9781546716549)
41128585,1546716548,9781546716549)
24856817,1546716548,9781546716549)
30165203,1546716548,9781546716549)
316943,0517072459,9780517072455)
6387565,0517072459,9780517072455)
9814682,0345529057,9780345529053)
5031805,1433502410,9781433502415)
16007855,0062265970,9780062265975)
20567969,0062265970,9780062265975)
16031258,0062265970,9780062265975)
682745,0062265970,9780062265975)
458034,0425218422,9780425218426)
15992880,0425218422,9780425218426)
15158,0425218422,9780425218426)
55428,0425218422,9780425218426)
13834,141690817X,9781416908173)
27619091,1943983011,9781943983018)
31215933,1943983011,9781943983018)
40891943,1719360928,9781719360920)
18720887,1719360928,9781719360920)
17387313,1907205381,9781907205385)
24920901,1907205381,9781907205385)
7592279,1741664489,9781741664485)
385228,1741664489,9781741664485)
6288362,0441018238,9780441018239)
21222015,0441018238,9780441018239)
92057,0441018238,9780441018239)
920607,0441018238,9780441018239)
13183957,0441018238,9780441018239)
43887,0765344319,9780765344311)
25230946,0765344319,9780765344311)
36697343,0765344319,9780765344311)
10860399,098315726X,9780983157267)
15781026,0425263991,9780425263990)
18481271,0062327968,9780062327963)
35440465,0062327968,9780062327963)
12021,0062327968,9780062327963)
84351,045121742X,9780451217424)
20359114,045121742X,9780451217424)
18624197,1940748003,9781940748009)
18210758,1602862249,9781602862241)
250024,1602862249,9781602862241)
20512062,0989121879,9780989121873)
36576608,0989121879,9780989121873)
17860199,0062300806,9780062300805)
24687,0062300806,9780062300805)
15992895,0062300806,9780062300805)
9409469,0062300806,9780062300805)
95621,0062300806,9780062300805)
9462,0872203492,9780872203495)
22733616,0872203492,9780872203495)
760,0872203492,9780872203495)
71778,0147717795,9780147717795)
23403402,0147717795,9780147717795)
38230346,1979854890,9781979854894)
92308,0140436065,9780140436068)
66354,0060920432,9780060920432)
71252,1563892049,9781563892042)
13508406,1563892049,9781563892042)
15954655,1457511118,9781457511110)
26119524,1457511118,9781457511110)
33597279,1101917776,9781101917770)
42270550,1723831050,9781723831058)
385706,0439656249,9780439656245)
14495404,1608623742,9781608623747)
15704001,1608623742,9781608623747)
6748,0316925284,9780316925280)
21015194,0316925284,9780316925280)
34368744,0316925284,9780316925280)
9917945,1416983244,9781416983248)
17237477,1416983244,9781416983248)
298137,0425201333,9780425201336)
381112,0292764995,9780292764996)
89731,0689856407,9780689856402)
10941624,0689856407,9780689856402)
117251,0393315053,9780393315059)
194366,0192123173,9780192123176)
22031070,0192123173,9780192123176)
35648165,154821552X,9781548215521)
13419125,154821552X,9781548215521)
17833493,154821552X,9781548215521)
16186085,1475124511,9781475124514)
17454163,1482586479,9781482586473)
14745338,1482586479,9781482586473)
13495947,1470088223,9781470088224)
17608096,0983002282,9780983002284)
16200303,0983002215,9780983002215)
30975899,0983002215,9780983002215)
7557548,0552144320,9780552144322)
23874411,0552144320,9780552144322)
11187861,1453634819,9781453634813)
17383994,0062278789,9780062278784)
127584,0062278789,9780062278784)
32853031,0692802185,9780692802182)
18341046,0692802185,9780692802182)
8164566,0692802185,9780692802182)
24985876,0692802185,9780692802182)
24985673,0692802185,9780692802182)
7785207,0692802185,9780692802182)
18461055,0692802185,9780692802182)
12292002,0983740208,9780983740209)
22820335,0983740208,9780983740209)
13496575,0764210262,9780764210266)
11299,0764210262,9780764210266)
38451700,0764210262,9780764210266)
13568322,1846247195,9781846247194)
32978448,1846247195,9781846247194)
10737650,0061715638,9780061715631)
13568619,0061715638,9780061715631)
4831,0061715638,9780061715631)
140671,0061715638,9780061715631)
17317675,0061715638,9780061715631)
18657517,0061715638,9780061715631)
12439057,0312664877,9780312664879)
7182899,0545060508,9780545060509)
11851522,0545060508,9780545060509)
87425,1405208198,9781405208192)
16045855,1405208198,9781405208192)
21414439,1405208198,9781405208192)
7117109,1608604896,9781608604890)
15992396,1608604896,9781608604890)
14655460,193745424X,9781937454241)
20569957,193745424X,9781937454241)
18343754,0804844399,9780804844390)
27273806,0804844399,9780804844390)
28247,0060815922,9780060815929)
46038037,1791384684,9781791384685)
10286585,1791384684,9781791384685)
15768536,1791384684,9781791384685)
13495579,1791384684,9781791384685)
15059301,1791384684,9781791384685)
99110,0525467262,9780525467267)
16008403,0525467262,9780525467267)
19468216,0525467262,9780525467267)
18214458,1419944932,9781419944932)
17553217,1419940732,9781419940736)
16067683,1419940732,9781419940736)
36219542,1939665353,9781939665355)
27264916,1939665353,9781939665355)
25146386,1939665353,9781939665355)
13119818,1939665353,9781939665355)
158771,0804834679,9780804834674)
12857,0804834679,9780804834674)
23000635,0804834679,9780804834674)
41715111,1788301951,9781788301954)
33124137,1788301951,9781788301954)
11592779,1615077588,9781615077588)
28405,1615077588,9781615077588)
18075234,1615077588,9781615077588)
17465450,1615077588,9781615077588)
11756117,0764207814,9780764207815)
16163690,0764207814,9780764207815)
13070346,0764207814,9780764207815)
3028,0764207814,9780764207815)
13328554,1449981550,9781449981556)
13507212,1449981550,9781449981556)
23306936,1449981550,9781449981556)
25642968,0993286305,9780993286308)
22022962,9781619377,9781619377
36630924,9781619377,9781619377
18759743,9781619377,9781619377
7504179,0399156372,9780399156373)
32854324,1250137683,9781250137685)
37569318,0544530942,9780544530942)
20827697,0544530942,9780544530942)
16235,038548951X,9780385489515)
27854760,1943549435,9781943549436)
32085,0312965788,9780312965785)
19513093,1491248637,9781491248638)
32673932,1533255792,9781533255792)
31818305,1533308802,9781533308801)
8934126,0451234154,9780451234155)
9992246,9881900298,9789881900296)
13551522,9881900298,9789881900296)
18527307,9881900298,9789881900296)
16205758,1478353392,9781478353393)
13364202,1478353392,9781478353393)
27016203,1478353392,9781478353393)
44671078,1478353392,9781478353393)
17621688,1478353392,9781478353393)
33245133,1478353392,9781478353393)
22719695,1478353392,9781478353393)
13604070,1478353392,9781478353393)
17305079,190879559X,9781908795595)
7133965,0312611579,9780312611576)
379361,1883011906,9781883011901)
377994,1565125630,9781565125636)
39891438,1565125630,9781565125636)
7169478,1432709429,9781432709426)
32784266,1432709429,9781432709426)
15881019,146795568X,9781467955683)
18337873,146795568X,9781467955683)
937279,0763629901,9780763629908)
10519230,0763629901,9780763629908)
17286803,1250024951,9781250024954)
20344662,1629146137,9781629146133)
20745108,1579623913,9781579623913)
11983404,140006659X,9781400066599)
16704501,1908885114,9781908885111)
11956271,1935738143,1935738143
26875689,144248506X,9781442485068)
6990334,1882918258,9781882918256)
28229878,1882918258,9781882918256)
40642001,1882918258,9781882918256)
13279833,0857520989,9780857520982)
39916,0375714685,9780375714689)
6435893,1607060922,9781607060925)
160852,0785110828,9780785110828)
72111,156389551X,9781563895517)
162898,156389551X,9781563895517)
11,156389551X,9781563895517)
10623239,1908105267,9781908105264)
365,1908105267,9781908105264)
9460487,1908105267,9781908105264)
15982935,1478162155,9781478162155)
29661618,1478162155,9781478162155)
18853210,1595548084,9781595548085)
21538656,1497438683,9781497438682)
19405702,1937819906,9781937819903)
25825065,1937819906,9781937819903)
36672950,1975711351,9781975711351)
16147133,1936850362,9781936850365)
20454895,1936850362,9781936850365)
22263770,0989125335,9780989125338)
26088499,0985267135,9780985267131)
282108,0985267135,9780985267131)
206807,0700604707,9780700604708)
368731,0060541644,9780060541644)
15798109,055380653X,9780553806533)
5211,140003065X,9781400030651)
5166,140003065X,9781400030651)
9748274,0142196584,9780142196588)
12009839,0142196584,9780142196588)
15736823,1908754060,9781908754066)
16069111,1908754060,9781908754066)
21569873,1908754060,9781908754066)
15779402,1478267747,9781478267744)
10289045,1408807432,9781408807439)
4667024,1408807432,9781408807439)
18366549,1408807432,9781408807439)
14596332,1618621637,9781618621634)
20744126,0977959805,9780977959808)
33230585,0977959805,9780977959808)
16129272,162061085X,9781620610855)
13055677,1620610833,9781620610831)
33549610,1620610833,9781620610831)
31840265,1620610833,9781620610831)
6,1620610833,9781620610831)
18423,1620610833,9781620610831)
14201,1620610833,9781620610831)
4671,1620610833,9781620610831)
38447,1620610833,9781620610831)
22628,1620610833,9781620610831)
33,1620610833,9781620610831)
37781,1620610833,9781620610831)
157208,0877798087,9780877798088)
34137888,1496712528,9781496712523)
34758819,1544112149,9781544112149)
25685000,0451471024,9780451471024)
14114825,0451471024,9780451471024)
11547870,0764207962,9780764207969)
18474763,0989441032,9780989441032)
17569691,0824934261,9780824934262)
22383520,0989441067,9780989441063)
18143995,1476738602,9781476738604)
11891563,042523679X,9780425236796)
3388200,1897370555,9781897370551)
13265317,1614344760,9781614344766)
17571569,1451663323,9781451663327)
30302284,1451663323,9781451663327)
13512533,1451663323,9781451663327)
16171221,1591845114,9781591845119)
8124176,0345508602,9780345508607)
12159292,1608197166,9781608197163)
24998961,0985419032,9780985419035)
11870085,0985419032,9780985419035)
39999,0985419032,9780985419035)
3412,0985419032,9780985419035)
40199729,0985419032,9780985419035)
1885,0985419032,9780985419035)
14935,0985419032,9780985419035)
896627,0985419032,9780985419035)
353937,0985419032,9780985419035)
2660720,0985419032,9780985419035)
656836,0985419032,9780985419035)
178476,0985419032,9780985419035)
12578077,0985419032,9780985419035)
24958079,0985419032,9780985419035)
5098079,0451225856,9780451225856)
26016162,0996250425,9780996250429)
77767,0996250425,9780996250429)
15779,0747571775,9780747571773)
284996,0747571775,9780747571773)
36314,0060957905,9780060957902)
655,0451528808,9780451528803)
3590,0451528808,9780451528803)
878136,014044243X,9780140442434)
70791,0812565169,9780812565164)
252981,0375706151,9780375706158)
6535724,184022164X,9781840221640)
201113,184022164X,9781840221640)
368819,184022164X,9781840221640)
7443012,0615305733,9780615305738)
13416644,0615305733,9780615305738)
18342425,1580055311,9781580055314)
7960550,1594202583,9781594202582)
18663599,0989519112,9780989519113)
18961828,1940761042,9781940761046)
12377752,0986891002,9780986891007)
12777921,0615485286,9780615485287)
22470381,0615485286,9780615485287)
25811997,0991355547,9780991355549)
20435622,0988791501,0988791501
27314122,095678724X,9780956787248)
29566747,095678724X,9780956787248)
16000076,0822354675,9780822354673)
8251715,8475069029,9788475069029)
40996659,1401288898,9781401288891)
7179261,0575095709,9780575095700)
15811495,0525953078,9780525953074)
34836596,0525953078,9780525953074)
13276452,1468069683,9781468069686)
39106484,1468069683,9781468069686)
21469077,0374380139,9780374380137)
25585034,0374380139,9780374380137)
25234783,8190381601,9788190381604)
9161907,8190381601,9788190381604)
31557841,9549056341,9789549056341)
40605174,9549056341,9789549056341)
43543405,9549056341,9789549056341)
35498704,9549056341,9789549056341)
9985445,1607063603,9781607063605)
17571528,1421560747,9781421560748)
6545136,1435751604,9781435751606)
6998403,1435751604,9781435751606)
7915495,1907312439,9781907312434)
8959816,1907312439,9781907312434)
11377709,1907312439,9781907312434)
8738626,0823033074,9780823033072)
11367731,1937085430,9781937085438)
12009604,1461160243,9781461160243)
639257,0875525210,9780875525211)
51210,0141182563,9780141182568)
369042,0192834630,9780192834638)
7328725,0192834630,9780192834638)
8586573,1451611781,9781451611786)
6376575,1451611781,9781451611786)
10831726,098826241X,9780988262416)
175094,031211883X,9780312118839)
16054114,031211883X,9780312118839)
12606552,0545320593,9780545320597)
14741092,0545320593,9780545320597)
10921814,1156800129,9781156800126)
15988913,1156800129,9781156800126)
13563138,1156800129,9781156800126)
11045949,1609080580,9781609080587)
17504941,1609080580,9781609080587)
17156652,1609080580,9781609080587)
9728443,1609080580,9781609080587)
2248060,1595542140,9781595542144)
18528872,1595542140,9781595542144)
18849550,1595542140,9781595542144)
19642065,1595542140,9781595542144)
4583614,0763630314,9780763630317)
16099844,0763630314,9780763630317)
17907518,0763630314,9780763630317)
20320531,0763630314,9780763630317)
17288674,0736430512,9780736430517)
18168183,0736430512,9780736430517)
18247580,989776018,9780989776011)
20821163,0425268918,9780425268919)
17239167,0857990195,9780857990198)
17239876,0425269515,9780425269510)
7231086,044101884X,9780441018840)
23359127,044101884X,9780441018840)
18626680,044101884X,9780441018840)
7933002,1582463158,9781582463155)
19063472,1444729136,9781444729139)
570132,1585425664,9781585425662)
23693722,1585425664,9781585425662)
15786285,1585425664,9781585425662)
22237407,1585425664,9781585425662)
20454084,0316253405,9780316253406)
18775203,1476766665,9781476766669)
23629814,1476766665,9781476766669)
13637128,1595789529,9781595789525)
34082,0375759344,9780375759345)
13244578,0375759344,9780375759345)
24851484,0375759344,9780375759345)
18144002,1476738203,9781476738208)
23130557,1476738203,9781476738208)
3678413,142781094X,9781427810946)
19110922,1494257157,9781494257156)
12509791,038534340X,9780385343404)
19127904,038534340X,9780385343404)
24464449,038534340X,9780385343404)
19319816,038534340X,9780385343404)
26163742,1512273996,9781512273991)
23621387,0718180127,9780718180126)
15802452,1442430575,9781442430570)
25425797,1442430575,9781442430570)
6559147,1442430575,9781442430570)
24281477,1442430575,9781442430570)
14999720,1442421711,9781442421714)
406581,1442421711,9781442421714)
32070489,1442421711,9781442421714)
27394330,1442421711,9781442421714)
29498416,1442421711,9781442421714)
17998754,1442421711,9781442421714)
12193787,1842709631,9781842709634)
31446987,1842709631,9781842709634)
30233217,1842709631,9781842709634)
18658071,1842709631,9781842709634)
13115173,0062069039,9780062069030)
17571527,1421561204,9781421561202)
16072510,1601362609,9781601362605)
27229264,1601362609,9781601362605)
27274346,1501125338,9781501125331)
36564601,1978412908,9781978412903)
9315358,1978412908,9781978412903)
25986688,0692498729,9780692498729)
37594559,0692498729,9780692498729)
21895563,0692498729,9780692498729)
36446647,0692498729,9780692498729)
38369242,1401279597,9781401279592)
42088819,1723741809,9781723741807)
13093195,1885030495,9781885030498)
40587406,1885030495,9781885030498)
29635067,1885030495,9781885030498)
31555221,1909489840,9781909489844)
35270328,1909489840,9781909489844)
7395317,0205753388,9780205753383)
13390903,1607065096,9781607065098)
34005800,1607065096,9781607065098)
28960325,1607065096,9781607065098)
936221,1607065096,9781607065098)
2671758,1607065096,9781607065098)
7879247,1595543392,9781595543394)
6671690,1595543392,9781595543394)
368931,0747535167,9780747535164)
7744219,1608610004,9781608610006)
7099920,3551750033,9783551750037)
5948529,3551750033,9783551750037)
8456791,3551750033,9783551750037)
6878545,031028984X,9780310289845)
3301993,031028984X,9780310289845)
8333930,0375873112,9780375873119)
267972,0380704420,9780380704422)
127645,0886773768,9780886773762)
239924,0886773768,9780886773762)
16704675,1937819043,9781937819040)
17733431,1937819051,9781937819057)
45162,1937819051,9781937819057)
25534180,1937819124,9781937819125)
22874238,0310338506,9780310338505)
21457935,061598052X,9780615980522)
7144,0143058142,9780143058144)
5697,140003292X,9781400032921)
143513,140003292X,9781400032921)
97380,0375405496,9780375405495)
20521018,0375405496,9780375405495)
16498123,0375405496,9780375405495)
34925454,0996554548,9780996554541)
6871935,1401923054,9781401923051)
27265224,1401923054,9781401923051)
280111,0310902711,9780310902713)
9808992,1604070870,9781604070873)
13637004,1475220383,9781475220384)
13073792,1442125276,9781442125278)
25381851,0692380574,9780692380574)
11373730,1934812439,9781934812433)
21916488,1497550394,9781497550391)
61659,0575056991,9780575056992)
24931179,1473208327,9781473208322)
21887119,1473208319,9781473208315)
833517,0575063025,9780575063020)
9528398,0575063025,9780575063020)
243705,0575063025,9780575063020)
7102816,0595469655,9780595469659)
17612327,1291353011,9781291353013)
22838489,1291353011,9781291353013)
17447106,1291353011,9781291353013)
20327230,0615904769,9780615904764)
22667306,0615904769,9780615904764)
36317772,0615904769,9780615904764)
22296359,0615904769,9780615904764)
23236665,0615904769,9780615904764)
367308,0449149226,9780449149225)
8574,0425203549,9780425203545)
7363408,0425203549,9780425203545)
16125177,0425203549,9780425203545)
95617,0425203549,9780425203545)
151928,0425203549,9780425203545)
169875,0152045651,9780152045654)
15873220,1449737927,9781449737924)
140076,0425214621,9780425214626)
6388558,0425214621,9780425214626)
8140709,1616142472,9781616142476)
9378084,1616142472,9781616142476)
9418327,1616142472,9781616142476)
2429135,1616142472,9781616142476)
7937843,1616142472,9781616142476)
12067,1616142472,9781616142476)
30,0345538374,9780345538376)
826584,0060244054,9780060244057)
65641,0060244054,9780060244057)
784911,1590387422,9781590387429)
25146134,1590387422,9781590387429)
23692271,1590387422,9781590387429)
16174821,1457514508,9781457514500)
13335115,1457514508,9781457514500)
904453,080411935X,9780804119351)
12447,0060930055,9780060930059)
9625946,0984238336,9780984238330)
13502935,1611941237,9781611941234)
9293020,1848764561,9781848764569)
44790978,0986437433,9780986437434)
43615,0986437433,9780986437434)
19140611,193988912X,9781939889126)
34290,193988912X,9781939889126)
5091,193988912X,9781939889126)
23254234,193988912X,9781939889126)
15701981,193988912X,9781939889126)
23662030,193988912X,9781939889126)
31193811,193988912X,9781939889126)
12752817,1462044832,9781462044832)
19845545,0991086902,9780991086900)
20974478,0991086902,9780991086900)
22814699,0991086902,9780991086900)
8347892,1902578481,9781902578484)
9671774,1902578481,9781902578484)
29064356,1902578481,9781902578484)
18000415,1902578481,9781902578484)
12154391,0983760128,9780983760122)
18802174,0983760128,9780983760122)
22694455,0983760128,9780983760122)
27855583,0983760128,9780983760122)
22592196,1634131444,9781634131445)
17934474,1250033470,9781250033475)
25057557,1771680385,9781771680387)
28576057,1771680385,9781771680387)
35097869,191098566X,9781910985663)
16207047,1489572767,9781489572769)
19136114,1493794957,9781493794959)
20925940,1493794957,9781493794959)
25138176,1493794957,9781493794959)
390711,1493794957,9781493794959)
3130352,1493794957,9781493794959)
3852903,1493794957,9781493794959)
72741,1493794957,9781493794959)
3906664,1493794957,9781493794959)
2529491,1493794957,9781493794959)
3906662,1493794957,9781493794959)
358627,0385423586,9780385423588)
111596,0849938619,9780849938610)
13601949,0849938619,9780849938610)
1061294,0871238535,9780871238535)
17937413,0871238535,9780871238535)
